Sno,Weight
0,0.09887893
1,0.09745114
2,0.084850155
3,0.08934774
