Sno,Weight
0,0.103268236
1,0.114175186
2,0.087661356
3,0.09601393
