Sno,Weight
0,0.09002548
1,0.06928078
2,0.07804166
3,0.09367479
